Data;Abertura;Máxima;Mínima;Fechamento;Volume
14/07/2023;5,818538657904743;5,837188247799337;5,806106190815941;5,830971717834473;383060
17/07/2023;5,837188630746544;5,855837629023673;5,787457573446888;5,799890041351318;474413
18/07/2023;5,812322620403161;5,830971617134764;5,806106090545654;5,806106090545654;292366
19/07/2023;5,824755570001146;5,837188630746544;5,79367351097862;5,799890041351318;608170
20/07/2023;5,824755295661522;5,843404293060304;5,799889768182832;5,843404293060303;400702
21/07/2023;5,843405336943743;5,899352931975673;5,843405336943743;5,874487400054932;437638
24/07/2023;5,880703931245378;5,899352931975673;5,849621868134189;5,874487400054932;428867
25/07/2023;5,8931364007852265;5,899352931975673;5,843405336943743;5,874487400054932;484278
26/07/2023;5,874487677600209;5,880704209084361;5,824756611409137;5,837189674377441;398633
27/07/2023;5,824757184832336;5,8682717238230815;5,812324713481179;5,855839252471924;356683
28/07/2023;5,874488255919225;5,874488255919225;5,843406188279636;5,855839252471924;293546
31/07/2023;5,855836976991854;5,874485973192467;5,830971451110735;5,868269443511963;485411
01/08/2023;5,868271146116057;5,880704209084361;5,824756611409137;5,837189674377441;481695
02/08/2023;5,837189398594341;5,874487400054932;5,8309728674038945;5,874487400054932;416164
03/08/2023;5,874485962268556;5,911784547441325;5,868269432599612;5,886919021606445;380183
04/08/2023;5,880703165276552;5,942867283401975;5,880703165276552;5,93665075302124;389330
07/08/2023;5,942867283401975;5,95529975132248;5,930434222640504;5,93665075302124;366840
08/08/2023;5,955300426901777;5,998814958821355;5,942867957570912;5,980165958404541;394197
09/08/2023;5,980165958404541;5,998814958821355;5,967733489073676;5,980165958404541;338700
10/08/2023;5,9925995807663055;6,023681053419489;5,986383049099232;6,017465114593506;314588
11/08/2023;6,0111641034182925;6,042669276679435;5,985960084991618;6,030066967010498;376777
14/08/2023;6,030066116999974;6,030066116999974;6,0048621021261095;6,023765563964844;403304
15/08/2023;6,023764666537322;6,023764666537322;5,985958349403397;5,992259502410889;421143
16/08/2023;5,998561859130859;6,0237658753074115;5,998561859130859;5,998561859130859;410636
17/08/2023;6,0048627853393555;6,036367957744019;6,0048627853393555;6,0048627853393555;406186
18/08/2023;6,017464388634546;6,017464388634546;5,9922603738502485;6,011163234710693;412082
21/08/2023;6,011163483571629;6,017464637756348;5,992260621928608;6,017464637756348;510647
22/08/2023;6,017463604310896;6,042667615810072;6,004861298105791;6,0363664627075195;378961
23/08/2023;6,036367270946219;6,042668424892463;6,011163256072354;6,023765563964844;398750
24/08/2023;6,017462745934399;6,023763898138108;5,696111194476648;5,803228378295898;1153039
25/08/2023;5,778027018967742;5,784328174059822;5,595297727676001;5,614200592041016;1891534
28/08/2023;5,60159888276808;5,614200592041016;5,261344319641692;5,614200592041016;2419889
29/08/2023;5,6078982310365495;5,6078982310365495;5,450372993075848;5,544888496398926;691513
30/08/2023;5,551189148577487;5,664606901042179;5,544887995409716;5,652005195617676;655649
31/08/2023;5,664607187111338;5,8536375853134635;5,620500314531569;5,796928405761719;589963
01/09/2023;5,815832077023929;5,853638402305409;5,702414303001799;5,784327507019043;661504
04/09/2023;5,81583191008545;5,853638234281731;5,803230202627447;5,8221330642700195;556993
05/09/2023;5,8536368350085555;5,910346007291456;5,841035130562907;5,8977437019348145;539112
06/09/2023;5,904045184535254;5,916647490596121;5,853637162113839;5,8851423263549805;499483
08/09/2023;5,885142889874427;5,9292497634887695;5,8788417362406395;5,9292497634887695;475282
11/09/2023;5,935552197377499;5,985960235498271;5,935552197377499;5,979659080505371;779917
12/09/2023;5,985958349403397;5,99856065541838;5,967055491291947;5,992259502410889;462825
13/09/2023;5,9985622315873695;6,017465094665694;5,9922610769241995;6,0048627853393555;418736
14/09/2023;5,947368168299842;5,972920745006138;5,9409798718178966;5,953755855560303;511357
15/09/2023;5,96014393412882;5,985696509900868;5,96014393412882;5,966532230377197;367941
18/09/2023;5,96653166944559;5,9920842428153644;5,953755078150001;5,979307651519775;544311
19/09/2023;5,992085025230488;5,992085025230488;5,9345915753359515;5,953755855560303;481135
20/09/2023;5,953755855560303;5,992085025230488;5,921815591593545;5,953755855560303;527420
21/09/2023;5,972921591417503;5,979309279583151;5,9473690110902;5,960144996643066;386030
22/09/2023;5,966532036863269;5,985696315765381;5,960143740822085;5,985696315765381;321957
25/09/2023;5,985696797191529;5,985696797191529;5,749335307650264;5,8707098960876465;701159
26/09/2023;5,864322055287229;5,985696640548288;5,8068286062398675;5,915427207946777;380555
27/09/2023;5,921813438171206;5,9665302788409145;5,838767441769417;5,8962602615356445;338291
28/09/2023;5,870711074347033;5,9345928342751195;5,864323385731516;5,928204536437988;377764
29/09/2023;5,928202869837604;5,9984729078477494;5,928202869837604;5,985696315765381;380819
02/10/2023;5,998475551605225;6,024028137810522;5,966534666543175;5,998475551605225;398937
03/10/2023;6,030415827445563;6,036804126302314;5,9920872527484725;5,998475551605225;314097
04/10/2023;5,998474874969461;6,036803445343039;5,992086576833318;6,01763916015625;317259
05/10/2023;6,024027458292394;6,036803445343039;6,011250862020106;6,01763916015625;225482
06/10/2023;6,036802073318547;6,068742947518206;6,017637792487353;6,049578666687012;313075
09/10/2023;6,055967110784734;6,068743705749513;6,036802827559146;6,068743705749512;315553
10/10/2023;6,068742492832352;6,068742492832352;6,036801621025785;6,055965900421143;355248
11/10/2023;6,055967366395457;6,0815205574035645;6,055967366395457;6,0815205574035645;340975
13/10/2023;6,075051784515381;6,081521019070467;6,029763440635749;6,075051784515381;437412
16/10/2023;6,0750496457572725;6,094458576587509;6,055640097928249;6,06210994720459;359776
17/10/2023;6,055639266967773;6,087987891911784;6,04270018718939;6,055639266967773;377980
18/10/2023;6,062111260759942;6,0750509621164355;6,0038838386535645;6,0038838386535645;275434
19/10/2023;6,010352366158917;6,055640076938759;6,010352366158917;6,023292064666748;314315
20/10/2023;6,049170970916748;6,055640203306878;6,023292190359835;6,049170970916748;315595
23/10/2023;6,049169427093842;6,049169427093842;6,01682080540377;6,029759883880615;302086
24/10/2023;6,02976129692188;6,049170844683627;5,99741328464987;6,023292064666748;278973
25/10/2023;6,023293390688304;6,023293390688304;5,990944754295992;6,0038838386535645;322395
26/10/2023;5,984473100119754;5,997412797576702;5,932715544289427;5,95859432220459;569075
27/10/2023;5,965065356085381;5,971534589100442;5,932716723014646;5,9391865730285645;393915
30/10/2023;5,95859575594562;5,965065606230851;5,8938984870910645;5,8938984870910645;491922
31/10/2023;5,913308037946761;5,926247121518342;5,874489553234252;5,8938984870910645;419823
01/11/2023;5,893898959719427;5,952126382957973;5,893898959719427;5,926247596740723;349554
03/11/2023;5,926246766723682;5,990944031704918;5,926246766723682;5,952125549316406;300687
06/11/2023;5,9650647770150815;6,042701118648832;5,958594927629236;6,016822338104248;367449
07/11/2023;6,016822340970907;6,049170970916748;5,997413409802922;6,049170970916748;252110
08/11/2023;6,049170035577933;6,081518043523241;6,04270018718939;6,055639266967773;311255
09/11/2023;6,0491711131842685;6,087988976433178;6,0491711131842685;6,08151912689209;348811
10/11/2023;6,094458576587509;6,094458576587509;6,06210994720459;6,06210994720459;413991
13/11/2023;6,0621101759167475;6,087988956999683;6,023292312791749;6,042701244354248;438979
14/11/2023;5,983844710025522;5,990384580975072;5,911908000609737;5,951146602630615;743747
16/11/2023;5,944605827331543;5,964224813519146;5,918446971189296;5,944605827331543;538744
17/11/2023;5,944604920990016;5,96422390418642;5,924985937793612;5,938065052032471;396217
20/11/2023;5,944606402093106;5,957685519590637;5,9315266609191895;5,9315266609191895;336014
21/11/2023;5,9315266609191895;5,951146272680065;5,9249874140086165;5,9315266609191895;501861
22/11/2023;5,918448070433092;5,93152718909526;5,892289209432314;5,905368328094482;425969
23/11/2023;5,905368050826938;5,905368050826938;5,807272482598893;5,820351600646973;700106
24/11/2023;5,8203516006469735;5,859590202144039;5,787653493688566;5,820351600646973;459823
27/11/2023;5,807270879075154;5,820349993511783;5,591460189622719;5,637238025665283;1027813
28/11/2023;5,630697560115088;5,754952564319311;5,604538710336753;5,715713977813721;534724
29/11/2023;5,71571483604633;5,754953428443718;5,702635721031379;5,728794574737549;294042
30/11/2023;5,728796532041452;5,820352239455887;5,722256660461426;5,722256660461426;352839
01/12/2023;5,794191835117137;5,813811444636907;5,702636152063468;5,774572849273682;357666
04/12/2023;5,774573655021043;5,820351502935428;5,709176194849292;5,813812255859375;306240
05/12/2023;5,813812406913007;5,813812406913007;5,722256085029032;5,735335826873779;387499
06/12/2023;5,754952907562256;5,787651627654469;5,741873170054886;5,754952907562256;230460
07/12/2023;5,754954484685685;5,787653213738862;5,689557026579332;5,696096897125244;384597
08/12/2023;5,696096848744423;5,748414565314583;5,696096848744423;5,741874694824219;282284
11/12/2023;5,741874694824219;5,7811132940900265;5,702636719234787;5,741874694824219;372667
12/12/2023;5,73533554603911;5,741874792964867;5,676477957972588;5,689557075500488;378189
13/12/2023;5,636632442474364;5,669710764842017;5,603553489178156;5,636632442474365;531537
14/12/2023;5,63663136491454;5,63663136491454;5,530778608416928;5,563857555389404;658062
15/12/2023;5,563857833513712;5,590320866228831;5,5241635999052665;5,530778884887695;492478
18/12/2023;5,530779297828684;5,550627047043253;5,312459103896533;5,411695957183838;1222752
19/12/2023;5,405079441785388;5,4580055053019185;5,305843230424004;5,312458515167236;1009415
20/12/2023;5,312458714816992;5,365384780322559;5,285995682064208;5,319074630737305;836079
21/12/2023;5,3190736808050305;5,358768538309344;5,3124577660662515;5,345536708831787;346984
22/12/2023;5,345536940517346;5,775561322322298;5,345536940517346;5,669709205627441;649534
26/12/2023;5,669711289692257;5,821874236569252;5,669711289692257;5,755716323852539;402641
27/12/2023;5,7689452234650815;5,808639446155364;5,7623293093739365;5,795408248901367;304137
28/12/2023;5,815258283891791;5,980652433753251;5,795411162568427;5,888031482696533;473269
02/01/2024;5,888030051644855;5,940956116262859;5,881414766763948;5,914493083953857;376713
03/01/2024;5,914493083953857;5,921108999763222;5,8946459674542195;5,914493083953857;264565
04/01/2024;5,921108999224824;5,94757203153142;5,914493083416061;5,940956115722656;292941
05/01/2024;5,947571477995451;5,967419223574527;5,940955562802427;5,954187393188477;304539
08/01/2024;5,954187670648829;5,99388253272833;5,947571755147508;5,974034786224365;321683
09/01/2024;5,974034786224365;6,013729648303866;5,974034786224365;5,974034786224365;326743
10/01/2024;5,974035264488135;6,013730129745491;5,921109198097314;5,947572231292725;482485
11/01/2024;5,954187594372921;6,00049774043206;5,888029702064076;5,987266540527344;480218
12/01/2024;6,003565258083056;6,023688761821142;5,923070603416064;5,956610202789307;449539
15/01/2024;5,990149021148682;6,010272522263004;5,9767329272627565;5,990149021148682;382518
16/01/2024;5,9901515962267915;6,010275105991915;5,970027446746826;5,970027446746826;325712
17/01/2024;5,9767342343438346;6,0236892937842725;5,9767342343438346;6,003565788269043;254106
18/01/2024;6,003566239827869;6,043813893600266;6,003566239827869;6,0236897468566895;350098
19/01/2024;6,03710539060423;6,03710539060423;5,983442282753813;6,003565788269043;311839
22/01/2024;6,003566168799762;6,037105773260827;5,983442662009022;5,9968581199646;366209
23/01/2024;6,016982147115117;6,023689556102482;5,916363335727832;5,923071384429932;426248
24/01/2024;5,929779504687624;6,010274170939954;5,923071455904578;5,9499030113220215;342318
25/01/2024;5,9767342343438346;6,016981885089001;5,970026185933856;6,003565788269043;189353
26/01/2024;6,010272958910518;6,03710450891712;6,003564911480214;6,030396461486816;313691
29/01/2024;6,03710450891712;6,03710450891712;6,010272958910518;6,030396461486816;290508
30/01/2024;6,0438138017733305;6,057229259683798;6,023689655335512;6,0505218505859375;359151
31/01/2024;6,050520603777728;6,05722801149342;6,023688414056513;6,030396461486816;369994
01/02/2024;6,043812675413126;6,057228130823411;6,016981124877931;6,01698112487793;414531
02/02/2024;6,016982625056545;6,050522231516427;6,016982625056545;6,043814182281494;274826
05/02/2024;6,0438138017733305;6,0639373084964046;6,030397704148118;6,0505218505859375;383292
06/02/2024;6,050521156887214;6,077352709346628;6,050521156887214;6,0572285652160645;303009
07/02/2024;6,057229259683798;6,070645357309011;6,037105752960724;6,0505218505859375;368213
08/02/2024;6,0505218505859375;6,084060815219479;6,0505218505859375;6,0505218505859375;492233
09/02/2024;6,077354497689474;6,110893468347029;6,063938397654565;6,104186058044434;365064
14/02/2024;6,104184133059455;6,117599589148874;5,97002573387732;5,9834418296813965;379804
15/02/2024;5,912846641682132;5,94671187368355;5,418416450608393;5,885754585266113;601396
16/02/2024;5,885754585266113;5,919619817267531;5,865435704435494;5,885754585266113;346603
19/02/2024;5,885753777022224;5,899300126332808;5,824797142901054;5,831569671630859;386209
20/02/2024;5,818024606284555;5,818024606284555;5,770613670349121;5,770613670349121;341039
21/02/2024;5,770614509963172;5,784160216804648;5,7435218044289185;5,757068157196045;346458
22/02/2024;5,757066949608631;5,824797407385998;5,743520599682951;5,7909321784973145;357367
23/02/2024;5,790933393188212;5,8247986291803775;5,757068157196045;5,757068157196045;295131
26/02/2024;5,763838768005371;5,804476516366955;5,689335152800193;5,763838768005371;336464
27/02/2024;5,743520968756807;5,790932550617799;5,736748439284287;5,770613670349121;369633
28/02/2024;5,757066904611474;5,770613254431275;5,621606636041012;5,635152339935303;451584
29/02/2024;5,635151721576648;5,689335823059082;5,553875569352997;5,689335823059082;426175
01/03/2024;5,689335823059082;5,818023548523943;5,62160601916876;5,689335823059082;282170
04/03/2024;5,689335331141517;5,736746900283376;5,553875089147745;5,5674214363098145;557593
05/03/2024;5,567422496283281;5,6283797782673926;5,560649321412711;5,587741374969482;245894
06/03/2024;5,594515389477716;5,608061095326319;5,553876980080701;5,574195861816406;273111
07/03/2024;5,574195025228343;5,675790710510365;5,567422496283281;5,587741374969482;246006
08/03/2024;5,587741374969482;5,655471831824164;5,53355726785594;5,587741374969482;480657
11/03/2024;5,5877420436142335;5,5877420436142335;5,465827465057373;5,465827465057373;514747
12/03/2024;5,452281619152378;5,59451507516246;5,44550844364581;5,513238906860352;533589
13/03/2024;5,547568105451887;5,5956285111529915;5,513238963619419;5,533836841583252;446584
14/03/2024;5,533836841583252;5,554434064773165;5,499507699750784;5,533836841583252;517569
15/03/2024;5,5132377360791605;5,575030046664561;5,5132377360791605;5,540700912475586;346475
18/03/2024;5,5475666506191645;5,561298565660566;5,520103475310109;5,5269694328308105;318331
19/03/2024;5,533836619463941;5,575031064190288;5,533836619463941;5,561299800872803;297768
20/03/2024;5,561299556481625;5,657420359801671;5,547567638993695;5,623091220855713;333568
21/03/2024;5,623090764073301;5,684883078201659;5,616225460660893;5,6299567222595215;189261
22/03/2024;5,643689371840841;5,698615734918824;5,6368234127626184;5,657420635223389;327548
25/03/2024;5,664285897747912;5,698615034143572;5,636822719586148;5,684883117675781;256650
26/03/2024;5,684882157968539;5,698614072118143;5,636821767992337;5,643687725067139;294451
27/03/2024;5,664285182952881;5,684882400281519;5,629956050889329;5,664285182952881;268474
28/03/2024;5,678018329198883;5,760407871156718;5,66428641148564;5,698615550994873;330800
01/04/2024;5,705480992377467;5,760407348700996;5,636822719586148;5,684883117675781;497757
02/04/2024;5,684882466697817;5,726077556610107;5,650553334233199;5,726077556610107;246393
03/04/2024;5,698615311114497;5,7604076286752255;5,698615311114497;5,719212532043457;170299
04/04/2024;5,732943534851074;5,767272012666461;5,7260775773785;5,732943534851074;201364
05/04/2024;5,739809355235486;5,801601668514349;5,739809355235486;5,787870407104492;271578
08/04/2024;5,787872094214829;5,89772483660994;5,787872094214829;5,863395690917969;354641
09/04/2024;5,863393134678155;5,911453524829824;5,835929961052386;5,904588222503662;291284
10/04/2024;5,911454641694867;5,9183206000919375;5,78787066441675;5,815333843231201;475944
11/04/2024;5,877939436846816;5,8848957375626565;5,7944658184247855;5,801422119140625;289329
12/04/2024;5,822289267908226;5,836201866735329;5,808377332470348;5,829245567321777;223765
15/04/2024;5,83620303485792;5,843158672274425;5,669255132464003;5,690124034881592;672782
16/04/2024;5,710991582098208;5,759684355062041;5,669254445708295;5,70403528213501;329586
17/04/2024;5,70403488410717;5,75272831706245;5,70403488410717;5,717947483062744;299638
18/04/2024;5,731860637664795;5,738816938622028;5,704036097225233;5,731860637664795;241591
19/04/2024;5,724903583526611;5,738816183610706;5,7040353467897535;5,724903583526611;285469
22/04/2024;5,738816183610706;5,752728783694801;5,662298873316039;5,724903583526611;437246
23/04/2024;5,72490421213219;5,731860512938052;5,662299495047498;5,690124034881592;240338
24/04/2024;5,690122803206362;5,7179473370176;5,662298269395126;5,68316650390625;260683
25/04/2024;5,69012361680328;5,71099185429823;5,648386478424072;5,648386478424072;206420
26/04/2024;5,676210337048823;5,690122935973671;5,63447386705274;5,655342102050781;376295
29/04/2024;5,6553427787188255;5,683167316508528;5,6344745412238755;5,648386478424072;295456
30/04/2024;5,65534211454112;5,731859418629088;5,648385815063333;5,717947483062744;256381
02/05/2024;5,724903518635327;5,738816118561724;5,697078982171811;5,70403528213501;329512
03/05/2024;5,731859088151939;5,759683621069601;5,704034555234277;5,75272798538208;202238
06/05/2024;5,745772418524922;5,745772418524922;5,70403528213501;5,70403528213501;362129
07/05/2024;5,704034522596606;5,704034522596606;5,564911858804336;5,627517223358154;664197
08/05/2024;5,634474549446011;5,641430186361606;5,557956572870689;5,5788254737854;581483
09/05/2024;5,592736046058358;5,613604278490717;5,571867813625999;5,599692344665527;288759
10/05/2024;5,606649519658514;5,655342290741659;5,578824984269682;5,585780620574951;354977
13/05/2024;5,599694113490898;5,613606051710576;5,564913272857666;5,564913272857666;406993
14/05/2024;5,600133931654455;5,614222305806173;5,4451618159855615;5,480382919311523;849437
15/05/2024;5,4874265278923655;5,5156032740877246;5,31132169622472;5,318366050720215;993994
16/05/2024;5,311321477222583;5,3183658314276165;5,043642063510614;5,2972331047058105;1528167
17/05/2024;5,283144732798289;5,416984439669708;5,156349380132717;5,332454204559326;556855
20/05/2024;5,353586105676917;5,480381782637291;5,318365345549353;5,452204704284668;484722
21/05/2024;5,466293377193323;5,529690879383431;5,409939556734069;5,494470119476318;440521
22/05/2024;5,501513697316316;5,529690437346899;5,4381158643008884;5,487425327301025;278965
23/05/2024;5,487425592448088;5,579000169918893;5,487425592448088;5,5367350578308105;360822
24/05/2024;5,5437791561065035;5,586044268811162;5,5437791561065035;5,557867527008057;224172
27/05/2024;5,557868062269839;5,607177533120751;5,388807595169494;5,43107271194458;349273
28/05/2024;5,466293411407612;5,508558525096649;5,43811633305499;5,452204704284668;175747
29/05/2024;5,473338564288997;5,529692060895868;5,4451618159855615;5,480382919311523;213078
31/05/2024;5,480383317502741;5,579001943730153;5,473338961968389;5,571957588195801;205989
03/06/2024;5,586045963371145;5,600134338546489;5,5085600678534306;5,571957588195801;286377
04/06/2024;5,586044268811162;5,593088622208567;5,501514043401846;5,557867527008057;274875
05/06/2024;5,557867445928225;5,579000169918893;5,5156023338401425;5,5367350578308105;194020
06/06/2024;5,550825193379463;5,593090318905497;5,543780837845111;5,571957588195801;196284
07/06/2024;5,571956891783249;5,586045265197754;5,55082449960815;5,586045265197754;221103
10/06/2024;5,579001429481773;5,600133822350217;5,543780326843262;5,543780326843262;331967
11/06/2024;5,571956815834411;5,571956815834411;5,494470931057466;5,529691696166992;240066
12/06/2024;5,508558490617816;5,543779250524929;5,494470119476318;5,494470119476318;206733
13/06/2024;5,494471073150635;5,551556774126398;5,387436191928102;5,494471073150635;349593
14/06/2024;5,49446971999666;5,508741056662021;5,45879154846101;5,480198383331299;203869
17/06/2024;5,480199126692597;5,530148981924559;5,437385110889009;5,444520950317383;300271
18/06/2024;5,444521479885937;5,487335499853888;5,408842959784853;5,42311429977417;246623
19/06/2024;5,437385110889009;5,523013142496185;5,437385110889009;5,444520950317383;221921
20/06/2024;5,458793557526765;5,5087430841113045;5,4445222156089494;5,47306489944458;272736
21/06/2024;5,473062914661433;5,501605588146185;5,458791577919058;5,487334251403809;270723
24/06/2024;5,487334221791732;5,508741056662021;5,45879154846101;5,480198383331299;239557
25/06/2024;5,487334966120971;5,4944704652937935;5,423113772287812;5,444520950317383;252305
26/06/2024;5,444521479885937;5,465928319742121;5,38743611992867;5,42311429977417;265081
27/06/2024;5,437385003234097;5,473063519158464;5,430249504202551;5,451656341552734;220935
28/06/2024;5,465927633210412;5,565827340843606;5,465927633210412;5,558691501617432;317536
01/07/2024;5,558692632355706;5,637185178532717;5,558692632355706;5,622913837432861;263213
02/07/2024;5,6371844599579255;5,665727138519287;5,622913120677245;5,665727138519287;190874
03/07/2024;5,658590951805217;5,694269467947141;5,6300482749938965;5,6300482749938965;200027
04/07/2024;5,637184826199905;5,679998846823529;5,630048985968173;5,672863006591797;143073
05/07/2024;5,6728624502542155;5,7014051278707845;5,658591111445931;5,6871337890625;241033
08/07/2024;5,687133817567323;5,708540996014825;5,672862478687509;5,69426965713501;268497
09/07/2024;5,70854104604959;5,765626402069197;5,694269707044689;5,758490562438965;195746
10/07/2024;5,772762270176908;5,836983466143553;5,765626430511475;5,765626430511475;247222
11/07/2024;5,751176149160011;5,758401065640068;5,6572498232834185;5,6717000007629395;322322
12/07/2024;5,6789249964104975;5,7584007965745965;5,6789249964104975;5,751175880432129;186633
15/07/2024;5,751176728413701;5,78730234801075;5,751176728413701;5,765626907348633;212190
16/07/2024;5,772850784118618;5,816201657629748;5,758400607788034;5,801751136779785;158413
17/07/2024;5,801750487844085;5,845101356506348;5,794525917265943;5,845101356506348;216045
18/07/2024;5,84510298399259;5,84510298399259;5,772851745784378;5,794527530670166;228279
19/07/2024;5,816203079344689;5,845103439070272;5,765627277565187;5,7800774574279785;201828
22/07/2024;5,794526772344503;5,8089766046717815;5,743950636602069;5,77285099029541;327399
23/07/2024;5,77285099029541;5,787301511661472;5,7511758972851;5,77285099029541;188220
24/07/2024;5,758400813448739;5,77285099029541;5,7511758972851;5,77285099029541;167350
25/07/2024;5,772850973378923;5,801751326987576;5,7439506197702705;5,751175880432129;188612
26/07/2024;5,75840201537406;5,801752554962434;5,743951835511268;5,7800774574279785;164455
29/07/2024;5,780076818825964;5,794527341611677;5,7367262840271;5,7367262840271;252335
30/07/2024;5,743951466686515;5,78730234801075;5,743951466686515;5,765626907348633;155014
31/07/2024;5,765626577788752;5,80175185080146;5,74395113836559;5,787302017211914;194844
01/08/2024;5,816201657629748;5,830651489440953;5,78730130496858;5,801751136779785;195594
02/08/2024;5,837877498289747;5,866777854655979;5,816202403274784;5,830652236938477;227378
05/08/2024;5,830652249482506;5,830652249482506;5,74395118019728;5,823427677154541;225946
06/08/2024;5,8234262666945575;5,859551186701314;5,8162010070777335;5,845101356506348;155520
07/08/2024;5,8523278391606794;5,888452766716934;5,845102578033898;5,874002933502197;165124
08/08/2024;5,8812275113261885;5,902902603149414;5,874002251038864;5,902902603149414;232944
09/08/2024;5,902903319938217;5,931803675558133;5,881228225482987;5,91735315322876;230194
12/08/2024;5,917353656586662;5,931804180145264;5,888453298508345;5,931804180145264;381983
13/08/2024;5,997875361692466;6,019899187587812;5,931803183881625;5,975851535797119;277895
14/08/2024;5,975851388271403;6,0272405474668345;5,968509879779259;5,997875213623047;191213
15/08/2024;6,019900468729441;6,107996491184024;5,997876638147033;6,093314170837402;282055
16/08/2024;6,093313547276711;6,232798726857647;6,093313547276711;6,210774898529053;290115
19/08/2024;6,2327985763549805;6,240140085662197;6,210774748558193;6,2327985763549805;325035
20/08/2024;6,276847036016723;6,2988708641782205;6,218116360836146;6,254823207855225;390000
21/08/2024;6,27684748758757;6,291529807376557;6,247482147884672;6,269505977630615;230652
22/08/2024;6,276846576746646;6,291528894405063;6,218115905863329;6,225456714630127;352900
23/08/2024;6,2621642184118125;6,284188747406006;6,247481899207247;6,284188747406006;176781
26/08/2024;6,291530276378326;6,364943981170654;6,2841894659990745;6,364943981170654;318965
27/08/2024;6,379625451564281;6,570500498478142;6,372284642163658;6,563158988952637;360593
28/08/2024;6,5631588121805144;6,62189018667781;6,511769647135853;6,519111156463623;351817
29/08/2024;6,533792806864045;6,592523475230816;6,533792806864045;6,5851826667785645;183243
30/08/2024;6,599864689556273;6,62923002243042;6,592523181306546;6,62923002243042;237355
02/09/2024;6,607205867767334;6,629229691291635;6,577840536360023;6,607205867767334;329719
03/09/2024;6,6218888835333525;6,629229691291635;6,5925228520013155;6,607205867767334;270659
04/09/2024;6,607206197806001;6,62923002243042;6,599864689556273;6,62923002243042;215280
05/09/2024;6,629230604086185;6,680620466218516;6,62188979531713;6,651255130767822;186282
06/09/2024;6,6512562834531135;6,68062162399292;6,6512562834531135;6,68062162399292;261702
09/09/2024;6,6806202264967975;6,75403321242683;6,6806202264967975;6,746691703796387;287676
10/09/2024;6,754034318852289;6,776058148226696;6,702645150270369;6,724668979644775;297737
11/09/2024;6,754033715100983;6,754033715100983;6,687961532759123;6,7320098876953125;285938
12/09/2024;6,709669113222884;6,7320096544668795;6,672434404354226;6,687327861785889;314000
13/09/2024;6,6873277031510145;6,724562411136403;6,6873277031510145;6,702221870422363;236236
16/09/2024;6,7096689540580385;6,739456578407752;6,694774786786689;6,702221870422363;262971
17/09/2024;6,746903662043426;6,746903662043426;6,702221870422363;6,702221870422363;257537
18/09/2024;6,746904446159001;6,776692073970589;6,7320102771566726;6,761797904968262;252483
19/09/2024;6,76179711912179;6,776691286393139;6,694774786786689;6,702221870422363;363724
20/09/2024;6,72456282844925;6,732009912547076;6,56073123945526;6,620306491851807;452545
23/09/2024;6,61285895635819;6,642646580523151;6,411791960599968;6,419239044189453;491916
24/09/2024;6,456473509951355;6,590518168766095;6,441579343330627;6,463920593261719;319681
25/09/2024;6,441578471260922;6,553282575214868;6,404344480135797;6,434132099151611;270028
26/09/2024;6,456473504218507;6,55328345658842;6,456473504218507;6,530942916870117;204808
27/09/2024;6,545838193904464;6,583072910586508;6,493710016665492;6,560732364654541;268306
30/09/2024;6,597965227712868;6,694775190231709;6,583071769736985;6,664987564086914;221981
01/10/2024;6,679881509062158;6,694774966540409;6,568177382106755;6,575624465942383;235647
02/10/2024;6,590519428253174;6,635200516268271;6,5681781740525365;6,590519428253174;216567
03/10/2024;6,63519994985443;6,6426470339522545;6,59796523955833;6,620306491851807;218883
04/10/2024;6,664987809270115;6,672434893628524;6,62775309767112;6,6426472663879395;170522
07/10/2024;6,664987490733761;6,687328032548226;6,59051878128787;6,627752780914307;275971
08/10/2024;6,664986927886541;6,664986927886541;6,59051822472941;6,6575398445129395;215815
09/10/2024;6,65754001174069;6,65754001174069;6,590518390273674;6,597964763641357;225981
10/10/2024;6,6128590901182935;6,627752547405538;6,5905185490909295;6,605412006378174;317389
11/10/2024;6,57521651398482;6,5978634415144874;6,431785013053133;6,446882724761963;354849
14/10/2024;6,446881968369574;6,446881968369574;6,137371355357595;6,243058204650879;370746
15/10/2024;6,2355094434746725;6,401587864536118;6,227960227990203;6,265705585479736;234458
16/10/2024;6,295902590295157;6,318549519919357;6,258157227632879;6,28080415725708;207747
17/10/2024;6,341194170324538;6,409135654709808;6,280801899744887;6,318547248840332;230299
18/10/2024;6,318547797105491;6,424234639756733;6,280802444734853;6,326097011566162;207500
21/10/2024;6,326098302302221;6,394039806445169;6,303451374232192;6,310999870300293;193193
22/10/2024;6,311000034350257;6,333647682941858;6,2808038894943365;6,3034515380859375;171036
23/10/2024;6,303450773981113;6,318548484612486;6,197763919830322;6,197763919830322;202847
24/10/2024;6,197764668701457;6,220411597351325;6,0845293055192355;6,0996270179748535;262045
25/10/2024;6,09962647076602;6,122273397384189;6,076979544147849;6,092077255249023;259018
28/10/2024;6,092077801780604;6,107176234169104;6,046783944480868;6,0996270179748535;225342
29/10/2024;6,114724360905862;6,258155843377083;6,107175146056652;6,235508918762207;178006
30/10/2024;6,265706014160236;6,363843662374177;6,220411438087316;6,310999870300293;171633
31/10/2024;6,363843662374177;6,461981310588118;6,2430590860902075;6,310999870300293;214532
01/11/2024;6,310999438520926;6,348744796010459;6,2506071545107975;6,265705585479736;203537
04/11/2024;6,280802070491323;6,295900498513021;6,212860584259033;6,212860584259033;176559
05/11/2024;6,235509802466946;6,288352874034899;6,227960586547852;6,227960586547852;126505
06/11/2024;6,212861344910431;6,29590126933114;6,20531284990808;6,243058204650879;220631
07/11/2024;6,243058658959142;6,34119558052599;6,227960227990203;6,265705585479736;190958
08/11/2024;6,265706014160236;6,333647518303184;6,250607582158309;6,310999870300293;197097
11/11/2024;6,288351113550507;6,348743384130158;6,265704192066301;6,318547248840332;221973
12/11/2024;6,318550027237936;6,33364846148827;6,22796158153484;6,258157730102539;176441
13/11/2024;6,2122524639408745;6,235203931637233;6,120445863541433;6,143397331237793;325647
14/11/2024;6,212252224573375;6,250505155669367;6,15104782666538;6,158698558807373;194435
18/11/2024;6,173999651584407;6,181650384170162;6,120445982712162;6,151048183441162;250264
19/11/2024;6,181650608821428;6,196952074549017;6,089844003298026;6,12044620513916;238852
21/11/2024;6,13574744788367;6,189301116755916;6,120445982712162;6,151048183441162;341365
22/11/2024;6,1816511020193605;6,196952568967764;6,158699631210856;6,166350364685059;161164
25/11/2024;6,173999293477384;6,23520369138538;6,158698558807373;6,158698558807373;237312
26/11/2024;6,196951746405203;6,204601749249867;6,158698813725861;6,189301013946533;174938
27/11/2024;6,181650025619377;6,18930075776137;6,120445627711382;6,158698558807373;214493
28/11/2024;6,158699139844089;6,181650608821428;6,12044620513916;6,12044620513916;226812
29/11/2024;6,120446918871097;6,151049124280887;6,120446918871097;6,135748386383057;196343
02/12/2024;6,181651329690678;6,196952797202637;6,128097652627076;6,135748386383057;215503
03/12/2024;6,135747670866749;6,166349872707883;6,12044620513916;6,12044620513916;196739
04/12/2024;6,120446324329743;6,143397793754043;6,1127955913169565;6,128097057342529;224626
05/12/2024;6,135747165913538;6,158698633002042;6,0592413027998795;6,066891670227051;288650
06/12/2024;6,0439405751569755;6,120446078172732;6,0439405751569755;6,10514497756958;192120
09/12/2024;6,1127953454676485;6,135747543582897;6,059241675760127;6,10514497756958;255004
10/12/2024;6,10514460178388;6,120445701445213;6,051590570565717;6,066891670227051;208653
11/12/2024;6,059242936347854;6,074544040134304;5,890930429889807;5,96743631362915;348279
12/12/2024;5,975194751165412;5,990714723115504;5,703595057026133;5,773435115814209;411066
13/12/2024;5,773436190474759;5,9208761364575935;5,773436190474759;5,788956165313721;287430
16/12/2024;5,804475761997333;5,858795855407498;5,633756049890954;5,680315971374512;318190
17/12/2024;5,734636061067688;5,7423962334899885;5,54839636323712;5,618236064910889;335660
18/12/2024;5,649276381066163;5,664796355875738;5,610476259029531;5,641516208648682;280562
19/12/2024;5,6647957538998215;5,6647957538998215;5,625995635986328;5,625995635986328;270873
20/12/2024;5,625995877964346;5,680315971374512;5,625995877964346;5,680315971374512;234134
23/12/2024;5,680315790747773;5,982955455780029;5,680315790747773;5,982955455780029;308201
26/12/2024;6,045034903548121;6,1536747088808275;6,006234788059492;6,13039493560791;215259
27/12/2024;6,169195667558398;6,3011156372840516;6,138155718214172;6,293355464935303;219522
30/12/2024;6,316635732803124;6,440795525282177;6,2933552166752476;6,308875560760498;177736
02/01/2025;6,30887509869421;6,41751527918187;6,30887509869421;6,370954990386963;197549
03/01/2025;6,4330354833350345;6,440795655534594;6,378715758039624;6,409755706787109;162063
06/01/2025;6,409754398979258;6,44079434139354;6,370954285948756;6,401994228363037;160691
07/01/2025;6,401996024283681;6,440796148198593;6,3399161220401465;6,425275802612305;155727
08/01/2025;6,40199482809791;6,45631454739889;6,378715054119015;6,440794944763184;101993
09/01/2025;6,44079434139354;6,456313942575379;6,386473887130595;6,401994228363037;113908
10/01/2025;6,440795148543491;6,440795148543491;6,23127495595241;6,285595417022705;288651
13/01/2025;6,285595655347611;6,308875430945731;6,16919529725556;6,184715270996094;236605
14/01/2025;6,113897683772038;6,231926671916665;6,066686163554949;6,129634857177734;273297
15/01/2025;6,129635091642854;6,208320961681154;6,129635091642854;6,168978214263916;147585
16/01/2025;6,153241406235008;6,27127003071058;6,153241406235008;6,176846981048584;134923
17/01/2025;6,153240551937179;6,19258329623219;6,098160259679609;6,106029033660889;226635
20/01/2025;6,106029048091304;6,200452084867034;6,066685928499518;6,090291500091553;371380
21/01/2025;6,0902920945284995;6,121766818396265;6,019474997636567;6,074554920196533;222686
22/01/2025;6,0824230940988855;6,161108957985562;6,07455432010832;6,098160266876221;161360
23/01/2025;6,090291841883107;6,153240911803469;5,98013162612915;5,98013162612915;382848
24/01/2025;6,04308115534918;6,04308115534918;5,980132451939897;6,0037384033203125;160537
27/01/2025;6,011605355719834;6,0588168719056705;5,901445151286216;5,940788269042969;172941
28/01/2025;5,956526524110492;6,011606448739951;5,838497524584179;5,9171833992004395;241541
29/01/2025;5,917183039694805;5,9801317355632895;5,9093146403131565;5,972263336181641;100026
30/01/2025;5,980131283444309;6,098160266876221;5,980131283444309;6,098160266876221;209109
31/01/2025;6,098160510366342;6,192583550800519;6,0745545626558926;6,129634857177734;190959
03/02/2025;6,129635921371552;6,153241873180337;6,019475688406263;6,121767520904541;203939
04/02/2025;6,129634857177734;6,16897797829388;6,0824233369606455;6,129634857177734;155589
05/02/2025;6,129634619683339;6,153240566479169;6,019474410111653;6,090291500091553;241420
06/02/2025;6,098160259679609;6,161108950714663;6,082423086920846;6,106029033660889;158315
07/02/2025;6,1375042312913415;6,192584155992249;6,129635456217585;6,176846981048584;127734
10/02/2025;6,20045246120141;6,27126955547953;6,1768465129728245;6,239795207977295;229983
11/02/2025;6,224057917796012;6,263401039039744;6,200452345212821;6,255532264709473;138791
12/02/2025;6,255532483704134;6,255532483704134;6,1532410402562565;6,168978214263916;240211
13/02/2025;6,129074839688102;6,129074839688102;6,025327766014256;6,065230369567871;291917
14/02/2025;6,129075020206485;6,137055769478098;6,065230548205855;6,105133533477783;160577
17/02/2025;6,12907480630087;6,216861142509515;6,113113688857758;6,184938907623291;211162
18/02/2025;6,184939064667728;6,264744653909665;6,184939064667728;6,232822418212891;228368
19/02/2025;6,296667575836182;6,328589815011938;6,240803847550161;6,296667575836182;177083
20/02/2025;6,3206088096004045;6,32858917831992;6,240803219689909;6,248783588409424;184211
21/02/2025;6,304648399353027;6,336570638900689;6,288687279579197;6,304648399353027;133547
24/02/2025;6,320609144082185;6,3445506320507645;6,248783919090268;6,3365702629089355;177209
25/02/2025;6,336570588094059;6,344550957645431;6,288687229156494;6,288687229156494;167219
26/02/2025;6,328589888742218;6,336570638900689;6,256765040031534;6,304648399353027;158544
27/02/2025;6,304647529096366;6,344550132751465;6,2966667800395095;6,344550132751465;143211
28/02/2025;6,344550985853789;6,456279204414633;6,328589866136969;6,448298454284668;149741
05/03/2025;6,440316489112762;6,520122453183628;6,440316489112762;6,512141704559326;149994
06/03/2025;6,472238722523893;6,512141704559326;6,472238722523893;6,512141704559326;192926
07/03/2025;6,51214191644588;6,591947883113406;6,51214191644588;6,575986385345459;202585
10/03/2025;6,5839667320251465;6,66377269381745;6,568005235232263;6,5839667320251465;211982
11/03/2025;6,591947480421588;6,647811197024566;6,568005235232263;6,5839667320251465;167287
12/03/2025;6,583968235834185;6,615890475625084;6,5759874856149025;6,591948986053467;176678
13/03/2025;6,607909725405801;6,623871225844366;6,583968235834185;6,591948986053467;139180
14/03/2025;6,615889653822806;6,6478118896484375;6,591948167225116;6,6478118896484375;220960
17/03/2025;6,607326370228889;6,664006620004471;6,574937545755629;6,639715194702148;231473
18/03/2025;6,639714334223914;6,72068677101863;6,631616936102366;6,664005756378174;160223
19/03/2025;6,680200468413585;6,728784084320068;6,680200468413585;6,728784084320068;147748
20/03/2025;6,728784084320068;6,761172904187598;6,704491890261638;6,728784084320068;177532
21/03/2025;6,728784901327999;6,801659175720539;6,728784901327999;6,761173725128174;190159
24/03/2025;6,801658310539147;6,817853106484467;6,769269490858879;6,785464286804199;163612
25/03/2025;6,801659107208252;6,809756506129349;6,728784833549765;6,801659107208252;170022
26/03/2025;6,809755220709818;6,874532855430148;6,809755220709818;6,858338832855225;146310
27/03/2025;6,866435553195889;6,890727745710405;6,8259501100923545;6,882630348205566;175568
28/03/2025;6,898825251890435;7,020283127534987;6,882630456625646;6,9959917068481445;199541
31/03/2025;7,004088389813037;7,133644436364706;6,995991764324465;7,076963424682617;257484
01/04/2025;7,076965192489069;7,117451418886667;7,052673765534727;7,109354019165039;172865
02/04/2025;7,101256236271949;7,141741683871981;7,101256236271949;7,133645057678223;150407
03/04/2025;7,157936322633341;7,190325143324471;7,141741526182577;7,149838924407959;173538
04/04/2025;7,149839788132166;7,190326011939548;7,101256937331701;7,125548362731934;170870
07/04/2025;7,109353573203516;7,109353573203516;6,518257330393209;6,898826599121094;491359
08/04/2025;6,915020755905053;7,0364786575617195;6,8988267293824;7,004089832305908;153256
09/04/2025;6,995992502356341;7,020283925805339;6,923117459798916;7,012186527252197;154682
10/04/2025;7,004088994605811;7,085061434166162;6,995992368418108;7,044575214385986;193094
11/04/2025;7,032266900905004;7,040472768007856;6,843536652866762;6,892770290374756;195005
14/04/2025;6,892769338382682;6,9666205669993;6,892769338382682;6,950209617614746;154082
15/04/2025;6,966621515118227;7,171763496947771;6,950210563500233;7,138940811157227;257800
16/04/2025;7,1635574276805;7,171763294535177;7,056884288787842;7,056884288787842;141050
17/04/2025;7,073295967848326;7,130735476633034;7,065090100149192;7,097912788391113;129069
22/04/2025;7,106117370773766;7,138940053078896;7,065088822253734;7,0897064208984375;194927
23/04/2025;7,0897064208984375;7,138940053078896;7,065088822253734;7,0897064208984375;201454
24/04/2025;7,073295967848326;7,138941344332169;7,073295967848326;7,097912788391113;129272
25/04/2025;7,1061192602271745;7,1061192602271745;7,040473878162395;7,081502437591553;156361
28/04/2025;7,089707703246594;7,1143245237893815;7,065090100149192;7,097912788391113;166367
29/04/2025;7,114324490561282;7,163558131416906;7,0979127552396655;7,147147178649902;138035
30/04/2025;7,16355799720604;7,220998287200928;7,147147044746498;7,220998287200928;203831
02/05/2025;7,220998626662906;7,303054957927308;7,220998626662906;7,294849872589111;166385
05/05/2025;7,303054332733154;7,352288753320681;7,270231646526326;7,303054332733154;212018
06/05/2025;7,3030537811160965;7,33587646484375;7,253820146801871;7,33587646484375;176881
07/05/2025;7,335877018939983;7,38511143952751;7,278437513716675;7,303054332733154;185959
08/05/2025;7,303054226340768;7,393317199010502;7,286643274753715;7,385111331939697;222543
09/05/2025;7,409728121084128;7,450756673720173;7,376905435486202;7,434345722198486;193163
12/05/2025;7,434345298581216;7,450756249167789;7,319465514257177;7,33587646484375;213107
13/05/2025;7,335876414430781;7,38511083096117;7,327671330471135;7,3769049644470215;125850
14/05/2025;7,401855310760128;7,401855310760128;7,260471488121969;7,318688869476318;206635
15/05/2025;7,318688568061531;7,393538917333374;7,318688568061531;7,3436384201049805;136318
16/05/2025;7,393539571801508;7,393539571801508;7,343639070155976;7,368588924407959;127791
19/05/2025;7,368588843737615;7,410172462463379;7,335322107385315;7,410172462463379;187418
20/05/2025;7,401855215412191;7,435121950125491;7,36858848069889;7,4184889793396;206553
21/05/2025;7,426806164783611;7,435122253945615;7,385222546407381;7,3935394287109375;154550
22/05/2025;7,435121739691957;7,435121739691957;7,3436384201049805;7,3436384201049805;213051
23/05/2025;7,39353985594461;7,4184897111554475;7,343639352381338;7,401855945587158;124318
26/05/2025;7,401856362034381;7,443439985153108;7,335322882301074;7,385223388671875;220192
27/05/2025;7,435122683582141;7,435122683582141;7,376906090376321;7,401855945587158;122207
28/05/2025;7,401854337399893;7,443437949144225;7,368587606632712;7,376904487609863;167582
29/05/2025;7,40185633749885;7,443439960479736;7,385223364191479;7,443439960479736;150995
30/05/2025;7,451755635518967;7,485022369881669;7,401855137404158;7,4600725173950195;134057
02/06/2025;7,485023608995657;7,526607232118406;7,468389842489901;7,493340492248535;198403
03/06/2025;7,493339173661066;7,543238878114303;7,485022291871693;7,5016560554504395;137791
04/06/2025;7,534923219117498;7,5432393082395635;7,509972572326659;7,50997257232666;156386
05/06/2025;7,509972794733586;7,534923442263334;7,50165670536524;7,526606559753418;115628
06/06/2025;7,52660614570544;7,55987288077349;7,518289263653045;7,543239116668701;179463
09/06/2025;7,543239116668701;7,568189762825884;7,518289263653045;7,543239116668701;253627
10/06/2025;7,543239925812422;7,568190574645996;7,526606953064985;7,568190574645996;158179
11/06/2025;7,568189383458272;7,609772205352783;7,551555620187277;7,609772205352783;147843
12/06/2025;7,57182997598034;7,588694126687255;7,48751163482666;7,48751163482666;220987
13/06/2025;7,54653310499965;7,588692669544705;7,48751019711266;7,529669761657715;169944
16/06/2025;7,56339772328632;7,588693141937256;7,538101500508523;7,588693141937256;146625
17/06/2025;7,571830256918297;7,6139898311228675;7,563398985378979;7,597126483917236;120524
18/06/2025;7,597126483917236;7,6139898311228675;7,571830256918297;7,597126483917236;181020
20/06/2025;7,588693606367299;7,630853176116943;7,588693606367299;7,630853176116943;152235
23/06/2025;7,630853982455494;7,630853982455494;7,588694408250923;7,597126483917236;181423
24/06/2025;7,588693304909099;7,605557453789799;7,580261230468749;7,58026123046875;143672
25/06/2025;7,580261229119716;7,605557452436264;7,546533735491198;7,5633978843688965;143438
26/06/2025;7,5633978843688965;7,588693303558566;7,554965809930047;7,5633978843688965;109351
27/06/2025;7,563398036942882;7,62242095095172;7,563398036942882;7,613988876342773;130585
30/06/2025;7,613988876342773;7,647716370651666;7,597125531251774;7,613988876342773;177771
01/07/2025;7,630851430145822;7,656146844557147;7,588691870042463;7,622419357299805;249665
02/07/2025;7,622421562709478;7,673013210296631;7,622421562709478;7,673013210296631;150766
03/07/2025;7,63085332669448;7,71517166373069;7,63085332669448;7,68144416809082;133612
04/07/2025;7,6898755948019435;7,748898506164551;7,68144352057104;7,748898506164551;125747
07/07/2025;7,748898343579073;7,76576249168704;7,7151708514899795;7,757330417633057;231117
08/07/2025;7,7573315205758195;7,791059017460312;7,740468174197051;7,774195671081543;148997
09/07/2025;7,79105806350708;7,807922211947923;7,774194719193094;7,79105806350708;243605
10/07/2025;7,757330580395454;7,782625998961306;7,7151710133677955;7,748898506164551;184593
11/07/2025;7,710431822222749;7,761720266573141;7,650594216860459;7,753171920776367;255958
14/07/2025;7,753173187827076;7,76172153502085;7,693336387901172;7,736077308654785;171695
15/07/2025;7,73607644148091;7,761720664972391;7,727528095245361;7,727528095245361;123710
16/07/2025;7,744625568389893;7,761721447369123;7,718980527098175;7,744625568389893;146697
17/07/2025;7,73607644148091;7,753172318736842;7,710432217989429;7,727528095245361;151601
18/07/2025;7,761721710906722;7,778818405681693;7,676239867462418;7,71898078918457;207354
21/07/2025;7,6762389270667315;7,6933356197472325;7,616402133115332;7,684787273406982;256063
22/07/2025;7,684788139512723;7,701884834120088;7,642047218209578;7,693336486816406;109811
23/07/2025;7,6933365868368435;7,6933365868368435;7,633499785363669;7,650595664978027;122326
24/07/2025;7,6505954785278325;7,718980625749235;7,642047131321343;7,701884746551514;102915
25/07/2025;7,710433257012361;7,736077483959542;7,667692335290209;7,71898078918457;157300
28/07/2025;7,718980244938883;7,7275285917236465;7,650595101091214;7,659143447875977;144091
29/07/2025;7,659142884617813;7,693335454027105;7,6505945384617;7,667691230773926;115739
30/07/2025;7,69333611764852;7,69333611764852;7,607854279144111;7,616402626037598;172964
31/07/2025;7,684787682912678;7,693336029708451;7,2573801257066535;7,624950885772705;238760
01/08/2025;7,693336029708451;7,710432723299998;7,607854192181159;7,624950885772705;149491
04/08/2025;7,650595198396315;7,7873654878311855;7,599306747465854;7,616402626037598;193706
05/08/2025;7,693335454027105;7,693335454027105;7,616401969052409;7,667691230773926;120052
06/08/2025;7,693336486816406;7,710433181423771;7,650595565513261;7,693336486816406;110113
07/08/2025;7,7617214363230165;7,813010703618212;7,701884637157995;7,778818130493164;127813
08/08/2025;7,778818282149621;7,830106735229492;7,770269934897888;7,830106735229492;185705
11/08/2025;7,838656053136518;7,855751934541692;7,744626667369652;7,795915126800537;171633
12/08/2025;7,795913227042078;7,830105796735523;7,718979741428035;7,761720657348633;117507
13/08/2025;7,761720932521812;7,779065957660651;7,648980750288317;7,753048419952393;235949
14/08/2025;7,79640960355415;7,805082115509331;7,735703673980415;7,770392894744873;113169
15/08/2025;7,8137541529534715;7,8137541529534715;7,761719911438573;7,7964091300964355;123417
18/08/2025;7,7964091300964355;7,8137541529534715;7,761719911438573;7,7964091300964355;157082
19/08/2025;7,805082321166992;7,83109903066179;7,787737296799605;7,805082321166992;190782
20/08/2025;7,822427549825046;7,8484442599992965;7,787737500184306;7,839771747589111;130495
21/08/2025;7,839771949189311;7,857116974455709;7,822427750979238;7,84844446182251;113471
22/08/2025;7,84844446182251;7,865788660032583;7,831099436556111;7,84844446182251;87662
25/08/2025;7,88313368394309;7,891806196574797;7,805082724370374;7,822427749633789;214669
26/08/2025;7,822427750979238;7,857116974455709;7,813755238346039;7,84844446182251;121924
27/08/2025;7,848443710578516;7,8744604189314975;7,805081978619381;7,857116222381592;149195
28/08/2025;7,85711642774099;7,891805648803712;7,839771403681495;7,891805648803711;103027
29/08/2025;7,90047856389044;7,917823590650575;7,874461850806635;7,909151077270508;132558
01/09/2025;7,8918058532643816;7,961184297187279;7,8918058532643816;7,92649507522583;216909
02/09/2025;7,935166835784912;7,961184372795307;7,917822638167613;7,935166835784912;149583
03/09/2025;7,935167513789343;7,9698567390441895;7,926495827767908;7,9698567390441895;146771
04/09/2025;7,969856463662287;8,021890713274805;7,943839752384198;7,97852897644043;151124
05/09/2025;7,952510980807976;8,056578636169434;7,952510980807976;8,056578636169434;154510
08/09/2025;8,021891789068517;8,091270246485134;8,021891789068517;8,082597732543945;194465
09/09/2025;8,099941729767227;8,108614242604903;8,056579992635196;8,073925018310547;193398
10/09/2025;8,108614244065858;8,160647666988593;8,082596705548145;8,125958442687988;201455
11/09/2025;8,11716365814209;8,11716365814209;8,038015417306298;8,11716365814209;226909
12/09/2025;8,117162304516642;8,152340412833864;8,046807765266722;8,099574089050293;156399
15/09/2025;8,099574786014783;8,134752058666729;8,046808457690695;8,090780258178711;232637
16/09/2025;8,090780726725619;8,152341586450842;8,064397980381887;8,143547058105469;151306
17/09/2025;8,161135443334617;8,222696304321289;8,152341753501435;8,222696304321289;183617
18/09/2025;8,240284309643183;8,266667055845453;8,169929760642214;8,17872428894043;180679
19/09/2025;8,249078794088872;8,249078794088872;8,17872424546191;8,21390151977539;123125
22/09/2025;8,240286076566587;8,293052418977929;8,22269785489118;8,284257888793945;178043
23/09/2025;8,284257634161714;8,310640385210181;8,240285823285912;8,275463104248047;117959
24/09/2025;8,310640385210181;8,328229445037516;8,26666857433438;8,275463104248047;111164
25/09/2025;8,30184368411574;8,337020955877964;8,266666412353516;8,266666412353516;131134
26/09/2025;8,337020874023438;8,345815401550727;8,29304991377161;8,337020874023438;160465
29/09/2025;8,337020874023438;8,345815401550727;8,31063813013388;8,337020874023438;174523
30/09/2025;8,345816566750496;8,380993843078613;8,32822834793265;8,380993843078613;159189
01/10/2025;8,389786246059677;8,460140780889727;8,372198031698268;8,44255256652832;186279
02/10/2025;8,442553918442293;8,486524880733027;8,442553918442293;8,460142135620117;119147
03/10/2025;8,48652443982347;8,48652443982347;8,46014169608125;8,477730751037598;152552
06/10/2025;8,468936877066126;8,504114151000977;8,46014234890932;8,504114151000977;146837
07/10/2025;8,504113158332942;8,539290428161621;8,468935888504262;8,539290428161621;132358
08/10/2025;8,556880067388954;8,592058181762695;8,530497320301057;8,592058181762695;122339
09/10/2025;8,592059068933784;8,644824568557869;8,495320921802138;8,556880950927734;186300
10/10/2025;8,60964584350586;8,662412172961876;8,565674042074573;8,60964584350586;209749
13/10/2025;8,565036361711499;8,698864709201414;8,324144315197794;8,440129280090332;424726
14/10/2025;8,449051227893698;8,502582225475443;8,44012911134345;8,47581672668457;140374
15/10/2025;8,475816759720336;8,475816759720336;8,422284911070076;8,457972526550293;130193
16/10/2025;8,45797317258028;8,45797317258028;7,967268634961668;8,02079963684082;707756
17/10/2025;8,029721869495761;8,208159963090344;8,029721869495761;8,101097106933594;408174
20/10/2025;8,101097072354607;8,217082045410999;8,074331571144652;8,118941307067871;249185
21/10/2025;8,1635492230213;8,217081069946289;8,118940343253627;8,217081069946289;138722
22/10/2025;8,190317298361963;8,270614660245515;8,172473062005608;8,25277042388916;157846
23/10/2025;8,172470554237357;8,252767891481223;8,11893956331462;8,181392669677734;182878
24/10/2025;8,208159885034707;8,31522274017334;8,190316501274904;8,31522274017334;123140
27/10/2025;8,28845656573423;8,475816759720336;8,234924717083969;8,457972526550293;155714
28/10/2025;8,457973295662196;8,475817530454876;8,333067055553228;8,41336441040039;166056
29/10/2025;8,38659746376022;8,449051430247845;8,368754081092245;8,422285079956055;106589
30/10/2025;8,422285079956055;8,449051430247845;8,38659746376022;8,422285079956055;150565
31/10/2025;8,457973295662196;8,466895413058536;8,35091043948596;8,41336441040039;129041
03/11/2025;8,413363900495577;8,520426750183105;8,413363900495577;8,520426750183105;282887
04/11/2025;8,52042692086628;8,538270304075029;8,484739303588867;8,484739303588867;140150
05/11/2025;8,47581733771957;8,547192573547363;8,466895220526116;8,547192573547363;144060
06/11/2025;8,556114061023568;8,609645058524645;8,547191944486766;8,573957443237305;136793
07/11/2025;8,609646267176476;8,645333887473768;8,591802882457822;8,636412620544434;175480
10/11/2025;8,645332966392193;8,66317720006969;8,556114350584387;8,61856746673584;276350
11/11/2025;8,636411408135048;8,663176906885589;8,565036177560367;8,573957443237305;227180
12/11/2025;8,565036980331422;8,60072459896364;8,502583009580086;8,511505126953125;232548
13/11/2025;8,511504173278809;8,520567950653332;8,357408720038217;8,511504173278809;349424
14/11/2025;8,520569961443835;8,692794738980872;8,502441537964794;8,674665451049805;199686
17/11/2025;8,67466547757342;8,719987833087641;8,53869927548279;8,62934398651123;234873
18/11/2025;8,611215590544074;8,692795666029989;8,611215590544074;8,638408660888672;121339
19/11/2025;8,70185661315918;8,7109203897877;8,63840499004902;8,70185661315918;203916
21/11/2025;8,719986910781904;8,719986910781904;8,656536138444348;8,692793846130371;171224
24/11/2025;8,719987806425447;8,719987806425447;8,656537027570764;8,674665451049805;228129
25/11/2025;8,665599902651099;8,774373014677868;8,638405976305519;8,738115310668945;173018
26/11/2025;8,72905152722469;8,747179948786506;8,638406826059798;8,710922241210938;167891
27/11/2025;8,710923317417581;8,774374961853027;8,674665605362488;8,774374961853027;186048
28/11/2025;8,783435887924442;8,828758229381789;8,756242828830741;8,801565170288086;235259
01/12/2025;8,801565170288086;8,83782287056361;8,801565170288086;8,801565170288086;244625
02/12/2025;8,837824856883097;8,874082565307617;8,81969557044486;8,874082565307617;150753
03/12/2025;8,874082565307617;8,883147208526736;8,846889500102217;8,874082565307617;139141
04/12/2025;8,874083456966625;8,883148101096552;8,819696456639118;8,828761100769043;213440
05/12/2025;8,88314716853675;8,88314716853675;8,81063175201416;8,81063175201416;210916
08/12/2025;8,883147235515068;8,919404944049743;8,837824883733733;8,85595417022705;224565
09/12/2025;8,855953223629346;8,928468632947649;8,855953223629346;8,883146286010742;255474
10/12/2025;8,892211918112155;8,937533405642089;8,892211918112155;8,919404983520508;229834
11/12/2025;8,91940520417467;8,91940520417467;8,689523622227236;8,799866676330566;444592
12/12/2025;8,818256523007918;8,827451995600796;8,772280036972058;8,809061050415039;252221
15/12/2025;8,80906164067033;8,919404688392863;8,790671571180871;8,882623672485352;274899
16/12/2025;8,937795190115473;8,956185258689944;8,827452147883003;8,855037689208984;225287
17/12/2025;8,91940520417467;8,946990748468341;8,799866676330566;8,799866676330566;306563
18/12/2025;8,891818403851582;8,91940394424861;8,818256378173828;8,818256378173828;187683
19/12/2025;8,855037984938285;8,956185557797244;8,818256969632431;8,89181900024414;184566
22/12/2025;8,91940447109612;8,992966501119003;8,901014402054683;8,946990013122559;232730
23/12/2025;8,992966217109078;9,066528244808774;8,965380675953828;9,020552635192871;187019
26/12/2025;9,029746213035457;9,103308232442506;9,020551618305909;9,075722694396973;188071
29/12/2025;9,103309636372158;9,15848159790039;9,075724094072331;9,15848159790039;178509
30/12/2025;9,186066194390737;9,213652610778809;9,158480654931154;9,213652610778809;163286
02/01/2026;9,213653858916759;9,250434875488281;9,195262912166694;9,250434875488281;179081
05/01/2026;9,259628151593388;9,296409162920261;9,232042612330352;9,268823623657227;205053
06/01/2026;9,305605376507543;9,36077733635851;9,28721530784292;9,33319091796875;193086
07/01/2026;9,333191435001464;9,397558871214793;9,305605892012093;9,360777854919434;153900
08/01/2026;9,406752946484339;9,452729433538721;9,31480084930413;9,33319091796875;199738
09/01/2026;9,323997053154345;9,379168140402484;9,121701020411056;9,186067581176758;352003
12/01/2026;9,25043362236775;9,369971252335441;9,186066194390737;9,213652610778809;252440
13/01/2026;9,278020117104413;9,287215590180548;9,15848159790039;9,15848159790039;176135
14/01/2026;9,139828094605551;9,18646004757696;9,065217325623507;9,149154663085938;199714
15/01/2026;9,149155705218076;9,27972412109375;9,149155705218076;9,27972412109375;144212
16/01/2026;9,28905083675038;9,326356226077465;9,214440058096212;9,233092308044434;135105
19/01/2026;9,242418146904718;9,335682057563057;9,23309157795277;9,289050102233887;141269
20/01/2026;9,335681915283203;9,354334163472261;9,289049960664725;9,335681915283203;198819
21/01/2026;9,335681915283203;9,428944935089604;9,279723391854917;9,335681915283203;209086
22/01/2026;9,33568309297563;9,36366191350401;9,28905113247455;9,31702995300293;198812
23/01/2026;9,326354759976747;9,37298671166273;9,307701623530152;9,34500789642334;258203
26/01/2026;9,34500966296198;9,37298848349036;9,31702995300293;9,31702995300293;229051
27/01/2026;9,391640734032391;9,391640734032391;9,30770338301658;9,31702995300293;220220
28/01/2026;9,326355346473395;9,372987301091875;9,298376529474531;9,335681915283203;231899
29/01/2026;9,354334163472261;9,372987301091875;9,31702877766359;9,335681915283203;227672
30/01/2026;9,354334102364513;9,419619194176127;9,345008423046183;9,410292625427246;143602
02/02/2026;9,410292258998505;9,466249890451746;9,382313443271885;9,400965690612793;205929
03/02/2026;9,391640153174386;9,428945541381836;9,391640153174386;9,428945541381836;172759
04/02/2026;9,428945906425692;9,456925615737482;9,419620226085744;9,438272476196289;128708
05/02/2026;9,447598457336426;9,475577275474354;9,438271888146918;9,447598457336426;158595
06/02/2026;9,484904002267527;9,540861639473189;9,466250863578567;9,503556251525879;156564
09/02/2026;9,503556548621267;9,60614703575646;9,503556548621267;9,587493896484375;238169
10/02/2026;9,587493308560394;9,652778402578642;9,587493308560394;9,596819877624512;150230
11/02/2026;9,59682032098434;9,634125709533691;9,568841501929983;9,634125709533691;165215
12/02/2026;9,62939589184971;9,62939589184971;9,440212545358373;9,459131240844727;382150
13/02/2026;9,459131752611025;9,572641225391186;9,383458770757585;9,56318187713623;328641
18/02/2026;9,563181462678404;9,63885444125226;9,478050038352613;9,601017951965332;155324
19/02/2026;9,601017146783752;9,619935840887146;9,563180660669952;9,61047649383545;151576
20/02/2026;9,61993623401094;9,648313374232693;9,591559093789188;9,638854026794434;201545
23/02/2026;9,629395581449199;9,648313374232693;9,601017539134425;9,638854026794434;169053
24/02/2026;9,648313128880016;9,657772476077726;9,591558849879751;9,619935989379883;239161
25/02/2026;9,619935989379883;9,638853781682304;9,57264015548433;9,619935989379883;219928
26/02/2026;9,619935989379883;9,657772476077726;9,619935989379883;9,619935989379883;165450
27/02/2026;9,60101770766635;9,638854195990524;9,553722773830911;9,582099914550781;243433
02/03/2026;9,610477866304208;9,610477866304208;9,430754757120708;9,440213203430176;489843
03/03/2026;9,440212692716658;9,515886573750265;9,440212692716658;9,46859073638916;241896
04/03/2026;9,468591396074359;9,478050744624236;9,440213350424733;9,44967269897461;316796
05/03/2026;9,459131900235342;9,478050597040507;9,373999568798325;9,440213203430176;285115
06/03/2026;9,440213107773685;9,478050501000617;9,421295313253326;9,430754661560059;242522
09/03/2026;9,459131656558133;9,459131656558133;9,411835817856725;9,421295166015625;261885
10/03/2026;9,43075312818985;9,43075312818985;9,326702117919922;9,326702117919922;356021
11/03/2026;9,364539685570449;9,402376174926758;9,35508123980117;9,402376174926758;487665
12/03/2026;9,387978286101271;9,407177045643609;9,368780442006175;9,378379821777344;207308
13/03/2026;9,387977833637935;9,445573194041838;9,359180611159582;9,426374435424805;290966
16/03/2026;9,426373859758659;9,426373859758659;9,38797726031666;9,40717601776123;251854
17/03/2026;9,416775396483516;9,416775396483516;9,368779418319232;9,40717601776123;229077
18/03/2026;9,416775396483516;9,426373859758659;9,38797726031666;9,40717601776123;287084
19/03/2026;9,407176358237091;9,407176358237091;9,378379136475113;9,387977600097656;209738
20/03/2026;9,407176358237091;9,407176358237091;9,378379136475113;9,387977600097656;225518
23/03/2026;9,38797726031666;9,40717601776123;9,38797726031666;9,40717601776123;212086
24/03/2026;9,407176358237091;9,407176358237091;9,368779757405395;9,387977600097656;205956
25/03/2026;9,387978322230024;9,387978322230024;9,301585734851514;9,349581718444824;384186
26/03/2026;9,33038244871783;9,36877904663654;9,253589252880408;9,272787094116211;282793
27/03/2026;9,359180522988309;9,359180522988309;9,253590097930967;9,33038330078125;259662
30/03/2026;9,330382622936348;9,33998108600992;9,176796228393712;9,186394691467285;516160
31/03/2026;9,224791728066169;9,330383065912708;9,224791728066169;9,291986465454102;280838
01/04/2026;9,311184341730707;9,311184341730707;9,243990519546234;9,263188362121582;420788
02/04/2026;9,291986499155358;9,301584962719447;9,234391140534974;9,263188362121582;348248
06/04/2026;9,272787764243931;9,416775703430176;9,263188385208748;9,416775703430176;297459
07/04/2026;9,426373952763113;9,512766531221782;9,407176110576271;9,503167152404785;202398
08/04/2026;9,522364856149904;9,579959291783311;9,522364856149904;9,560761451721191;250023
09/04/2026;9,551163673400879;9,579960896039955;9,512767071399711;9,551163673400879;285732
10/04/2026;9,589559247718121;9,589559247718121;9,301584305847157;9,579959869384766;432320
13/04/2026;9,570362197386405;9,58956004019251;9,493568995267626;9,51276683807373;254386
14/04/2026;9,51276755040886;9,51276755040886;9,464083807353465;9,483556747436523;279467
15/04/2026;9,493293545557915;9,512767413926742;9,464083671569824;9,464083671569824;280088
16/04/2026;9,503030696613655;9,541977505674973;9,483556827800408;9,493293762207031;143949
17/04/2026;9,512766894082704;9,551713700126882;9,483556093125744;9,522502899169922;251312
20/04/2026;9,571187019348145;9,580923953387535;9,541977145795112;9,571187019348145;274973
22/04/2026;9,658817128911098;9,678290067538347;9,600396455899153;9,63934326171875;305061
23/04/2026;9,668553924573287;9,678289929465468;9,571186447130815;9,61987018585205;296835
24/04/2026;9,619870922933952;9,65881773118206;9,580924114685844;9,59066104888916;231390
27/04/2026;9,629607857137268;9,629607857137268;9,551714240641054;9,59066104888916;257951
28/04/2026;9,590660887426925;9,619870760979959;9,561450085308755;9,571187019348145;195388
29/04/2026;9,590660968240089;9,590660968240089;9,541977226198053;9,580924034118652;199194
30/04/2026;9,541977145795112;9,580923953387535;9,53224021175572;9,571187019348145;356990
04/05/2026;9,541976791725615;9,707500949992674;9,541976791725615;9,649080276489258;325789
05/05/2026;9,668554584081285;9,668554584081285;9,580924034118652;9,580924034118652;342749
06/05/2026;9,610133389495326;9,678290067538347;9,600396455899153;9,63934326171875;323341
07/05/2026;9,668554006215402;9,688026944729277;9,580923461490233;9,629607200622559;289665
08/05/2026;9,629607499229719;9,678290311306572;9,629607499229719;9,668554306030273;309660
11/05/2026;9,69776417898941;9,707501112830828;9,629607499229719;9,668554306030273;366044
12/05/2026;9,668554306030273;9,68802724514799;9,6198705653883;9,668554306030273;271875
13/05/2026;9,649079976015978;9,688026780950414;9,610133171081543;9,610133171081543;239377
14/05/2026;9,610132993179715;9,659466514117902;9,59040014937963;9,619999885559082;266451
15/05/2026;9,610133221359693;9,698933372965142;9,610133221359693;9,659466743469238;196565
18/05/2026;9,639733670317815;9,669333406497268;9,610132993179715;9,619999885559082;211641
19/05/2026;9,61999983384437;9,629866726170693;9,560799420845061;9,570666313171387;183862
20/05/2026;9,57066671932753;9,629867134839161;9,57066671932753;9,600266456604004;207544
21/05/2026;9,590400097824036;9,610132941518044;9,570666313171387;9,570666313171387;165752
22/05/2026;9,5706669099177;9,600266647783622;9,560800016976158;9,590400695800781;152078
25/05/2026;9,590400695800781;9,620000433666705;9,580533802859241;9,590400695800781;171248
26/05/2026;9,610132941518044;9,629866726170693;9,570666313171387;9,570666313171387;156442
27/05/2026;9,610133491734384;9,610133491734384;9,541067123413086;9,541067123413086;211164
28/05/2026;9,57066704028059;9,600266778549694;9,481866884514565;9,531200408935547;199923
29/05/2026;9,590399919792086;9,61013276311978;9,560799243362606;9,580533027648926;147307
01/06/2026;9,57066671932753;9,610133349349056;9,541066982051056;9,600266456604004;228660
02/06/2026;9,600266100800349;9,619999885559082;9,59040014937963;9,619999885559082;119562
03/06/2026;9,620000433666705;9,649600171532628;9,590400695800781;9,590400695800781;153682
05/06/2026;9,669333280173854;9,708799908217069;9,590400024087426;9,679200172424316;165630
08/06/2026;9,708800086715595;9,738399823052545;9,649599673083042;9,669333457946777;187024
09/06/2026;9,669333636082882;9,708800265578784;9,629867006586979;9,659466743469238;173395
10/06/2026;9,669333585495009;9,669333585495009;9,600266278519522;9,610133171081543;203075
11/06/2026;9,619999885559082;9,659466514117902;9,570666364620896;9,619999885559082;199566
12/06/2026;9,680000305175781;9,680000305175781;9,630000114440918;9,65999984741211;200859
15/06/2026;9,699999809265137;9,720000267028809;9,65999984741211;9,65999984741211;184903
16/06/2026;9,680000305175781;9,710000038146973;9,649999618530273;9,649999618530273;139616
17/06/2026;9,720000267028809;9,720000267028809;9,670000076293945;9,680000305175781;146391
18/06/2026;9,699999809265137;9,710000038146973;9,649999618530273;9,65999984741211;183576
19/06/2026;9,699999809265137;9,710000038146973;9,670000076293945;9,699999809265137;156025
22/06/2026;9,699999809265137;9,699999809265137;9,649999618530273;9,65999984741211;185516
23/06/2026;9,65999984741211;9,680000305175781;9,630000114440918;9,630000114440918;152770
24/06/2026;9,619999885559082;9,680000305175781;9,619999885559082;9,680000305175781;131284
25/06/2026;9,6899995803833;9,699999809265137;9,640000343322754;9,65999984741211;117883
26/06/2026;9,65999984741211;9,680000305175781;9,640000343322754;9,65999984741211;134419
29/06/2026;9,65999984741211;9,720000267028809;9,649999618530273;9,720000267028809;128209
30/06/2026;9,739999771118164;9,760000228881836;9,710000038146973;9,760000228881836;116423
01/07/2026;9,760000228881836;9,779999732971191;9,729999542236328;9,779999732971191;153306
02/07/2026;9,789999961853027;9,829999923706055;9,789999961853027;9,819999694824219;109001
03/07/2026;9,829999923706055;9,84000015258789;9,779999732971191;9,800000190734863;140096
06/07/2026;9,850000381469727;9,850000381469727;9,779999732971191;9,800000190734863;154522
07/07/2026;9,800000190734863;9,850000381469727;9,649999618530273;9,770000457763672;210397
08/07/2026;9,789999961853027;9,819999694824219;9,59000015258789;9,800000190734863;251447
09/07/2026;9,789999961853027;9,819999694824219;9,770000457763672;9,819999694824219;161112
10/07/2026;9,819999694824219;9,859999656677246;9,779999732971191;9,8100004196167;236451
13/07/2026;9,680000305175781;9,739999771118164;9,619999885559082;9,649999618530273;218885
14/07/2026;9,649999618530273;9,65999984741211;9,600000381469727;9,649999618530273;207675
